Workbook

Sheet Sales Data
A1: Date | B1: Month | C1: Region | D1: Product ID | E1: Units | F1: Revenue
A2: 46027 | B2: Jan | C2: North | D2: P001 | E2: 2 | F2: =E2*65000 -> 130000
A3: 46030 | B3: Jan | C3: West | D3: P003 | E3: 10 | F3: =E3*2500 -> 25000
A4: 46034 | B4: Jan | C4: South | D4: P005 | E4: 4 | F4: =E4*12000 -> 48000
A5: 46040 | B5: Jan | C5: East | D5: P002 | E5: 8 | F5: =E5*18000 -> 144000
A6: 46056 | B6: Feb | C6: North | D6: P004 | E6: 15 | F6: =E6*1500 -> 22500
A7: 46063 | B7: Feb | C7: West | D7: P006 | E7: 5 | F7: =E7*9000 -> 45000
A8: 46067 | B8: Feb | C8: South | D8: P007 | E8: 12 | F8: =E8*3500 -> 42000
A9: 46074 | B9: Feb | C9: East | D9: P008 | E9: 3 | F9: =E9*22000 -> 66000
A10: 46083 | B10: Mar | C10: North | D10: P002 | E10: 7 | F10: =E10*18000 -> 126000
A11: 46090 | B11: Mar | C11: West | D11: P001 | E11: 3 | F11: =E11*65000 -> 195000
A12: 46096 | B12: Mar | C12: South | D12: P003 | E12: 20 | F12: =E12*2500 -> 50000
A13: 46103 | B13: Mar | C13: East | D13: P005 | E13: 6 | F13: =E13*12000 -> 72000
A14: 46116 | B14: Apr | C14: North | D14: P006 | E14: 7 | F14: =E14*9000 -> 63000
A15: 46123 | B15: Apr | C15: West | D15: P008 | E15: 4 | F15: =E15*22000 -> 88000
A16: 46129 | B16: Apr | C16: South | D16: P004 | E16: 25 | F16: =E16*1500 -> 37500
A17: 46137 | B17: Apr | C17: East | D17: P007 | E17: 15 | F17: =E17*3500 -> 52500
A18: 46148 | B18: May | C18: North | D18: P001 | E18: 1 | F18: =E18*65000 -> 65000
A19: 46155 | B19: May | C19: West | D19: P002 | E19: 10 | F19: =E19*18000 -> 180000
A20: 46162 | B20: May | C20: South | D20: P006 | E20: 8 | F20: =E20*9000 -> 72000
A21: 46169 | B21: May | C21: East | D21: P003 | E21: 30 | F21: =E21*2500 -> 75000
A22: 46176 | B22: Jun | C22: North | D22: P008 | E22: 5 | F22: =E22*22000 -> 110000
A23: 46183 | B23: Jun | C23: West | D23: P004 | E23: 40 | F23: =E23*1500 -> 60000
A24: 46190 | B24: Jun | C24: South | D24: P005 | E24: 5 | F24: =E24*12000 -> 60000
A25: 46197 | B25: Jun | C25: East | D25: P001 | E25: 2 | F25: =E25*65000 -> 130000

Sheet Pivot Table
A1: Month | B1: Total Revenue | C1: Total Units | D1: Total Profit | F1: Region | G1: Revenue
A2: Jan | B2: =SUMIF('Sales Data'!B2:B25,A2,'Sales Data'!F2:F25) -> 347000 | C2: =SUMIF('Sales Data'!B2:B25,A2,'Sales Data'!E2:E25) -> 24 | D2: =B2*0.18 -> 62460 | F2: North | G2: =SUMIF('Sales Data'!C2:C25,F2,'Sales Data'!F2:F25) -> 516500
A3: Feb | B3: =SUMIF('Sales Data'!B2:B25,A3,'Sales Data'!F2:F25) -> 175500 | C3: =SUMIF('Sales Data'!B2:B25,A3,'Sales Data'!E2:E25) -> 35 | D3: =B3*0.17 -> 29835 | F3: West | G3: =SUMIF('Sales Data'!C2:C25,F3,'Sales Data'!F2:F25) -> 593000
A4: Mar | B4: =SUMIF('Sales Data'!B2:B25,A4,'Sales Data'!F2:F25) -> 443000 | C4: =SUMIF('Sales Data'!B2:B25,A4,'Sales Data'!E2:E25) -> 36 | D4: =B4*0.2 -> 88600 | F4: South | G4: =SUMIF('Sales Data'!C2:C25,F4,'Sales Data'!F2:F25) -> 309500
A5: Apr | B5: =SUMIF('Sales Data'!B2:B25,A5,'Sales Data'!F2:F25) -> 241000 | C5: =SUMIF('Sales Data'!B2:B25,A5,'Sales Data'!E2:E25) -> 51 | D5: =B5*0.19 -> 45790 | F5: East | G5: =SUMIF('Sales Data'!C2:C25,F5,'Sales Data'!F2:F25) -> 539500
A6: May | B6: =SUMIF('Sales Data'!B2:B25,A6,'Sales Data'!F2:F25) -> 392000 | C6: =SUMIF('Sales Data'!B2:B25,A6,'Sales Data'!E2:E25) -> 49 | D6: =B6*0.195 -> 76440
A7: Jun | B7: =SUMIF('Sales Data'!B2:B25,A7,'Sales Data'!F2:F25) -> 360000 | C7: =SUMIF('Sales Data'!B2:B25,A7,'Sales Data'!E2:E25) -> 52 | D7: =B7*0.198 -> 71280
A8: Grand Total | B8: =SUM(B2:B7) -> 1958500 | C8: =SUM(C2:C7) -> 247 | D8: =SUM(D2:D7) -> 374405

Sheet Charts
A1: Charts — Created from Pivot Table Data
